stopword,id,created_at,updated_at
ada,1,"2021-09-17 01:48:18","2021-09-17 01:48:18"
adalah,2,"2021-09-17 01:48:36","2021-09-17 01:48:36"
adanya,3,"2021-09-17 01:48:39","2021-09-17 01:48:39"
adapun,4,"2021-09-17 01:48:41","2021-09-17 01:48:41"
agak,5,"2021-09-17 01:48:45","2021-09-17 01:48:45"
agaknya,6,"2021-09-17 01:48:47","2021-09-17 01:48:47"
agar,7,"2021-09-17 01:48:48","2021-09-17 01:48:48"
akan,8,"2021-09-17 01:48:50","2021-09-17 01:48:50"
akankah,9,"2021-09-17 01:48:53","2021-09-17 01:48:53"
akhir,10,"2021-09-17 01:48:57","2021-09-17 01:48:57"
akhiri,11,"2021-09-17 01:49:00","2021-09-17 01:49:00"
akhirnya,12,"2021-09-17 01:49:03","2021-09-17 01:49:03"
aku,13,"2021-09-17 01:49:05","2021-09-17 01:49:05"
akulah,14,"2021-09-17 01:49:07","2021-09-17 01:49:07"
amat,15,"2021-09-17 01:49:14","2021-09-17 01:49:14"
amatlah,16,"2021-09-17 01:49:17","2021-09-17 01:49:17"
anda,17,"2021-09-17 01:49:20","2021-09-17 01:49:20"
andalah,18,"2021-09-17 01:49:22","2021-09-17 01:49:22"
antar,19,"2021-09-17 01:49:25","2021-09-17 01:49:25"
antara,20,"2021-09-17 01:49:28","2021-09-17 01:49:28"
antaranya,21,"2021-09-17 01:49:31","2021-09-17 01:49:31"
apa,22,"2021-09-17 01:49:33","2021-09-17 01:49:33"
apaan,23,"2021-09-17 01:49:35","2021-09-17 01:49:35"
apabila,24,"2021-09-17 01:49:39","2021-09-17 01:49:39"
apakah,25,"2021-09-17 01:49:41","2021-09-17 01:49:41"
apalagi,26,"2021-09-17 01:49:43","2021-09-17 01:49:43"
apatah,27,"2021-09-17 01:49:51","2021-09-17 01:49:51"
artinya,28,"2021-09-17 01:49:54","2021-09-17 01:49:54"
asal,29,"2021-09-17 01:49:55","2021-09-17 01:49:55"
asalkan,30,"2021-09-17 01:49:57","2021-09-17 01:49:57"
ataupun,31,"2021-09-17 01:50:00","2021-09-17 01:50:00"
awal,32,"2021-09-17 01:50:02","2021-09-17 01:50:02"
awalnya,33,"2021-09-17 01:50:07","2021-09-17 01:50:07"
bagai,34,"2021-09-17 01:50:13","2021-09-17 01:50:13"
bagaikan,35,"2021-09-17 01:50:16","2021-09-17 01:50:16"
bagaimana,36,"2021-09-17 01:50:21","2021-09-17 01:50:21"
bagaimanakah,37,"2021-09-17 01:50:27","2021-09-17 01:50:27"
bagaimanapun,38,"2021-09-17 01:50:33","2021-09-17 01:50:33"
bagi,39,"2021-09-17 01:50:46","2021-09-17 01:50:46"
bagian,40,"2021-09-17 01:50:48","2021-09-17 01:50:48"
bahkan,41,"2021-09-17 01:50:50","2021-09-17 01:50:50"
bahwa,42,"2021-09-17 01:50:52","2021-09-17 01:50:52"
bahwasanya,43,"2021-09-17 01:50:56","2021-09-17 01:50:56"
baik,44,"2021-09-17 01:50:58","2021-09-17 01:50:58"
bakal,45,"2021-09-17 01:51:00","2021-09-17 01:51:00"
bakalan,46,"2021-09-17 01:51:02","2021-09-17 01:51:02"
alik,47,"2021-09-17 01:51:03","2021-09-17 01:51:03"
banyak,48,"2021-09-17 01:51:05","2021-09-17 01:51:05"
baru,49,"2021-09-17 01:51:07","2021-09-17 01:51:07"
bawah,50,"2021-09-17 01:51:09","2021-09-17 01:51:09"
beberapa,51,"2021-09-17 01:51:12","2021-09-17 01:51:12"
begini,52,"2021-09-17 01:51:14","2021-09-17 01:51:14"
beginian,53,"2021-09-17 01:51:18","2021-09-17 01:51:18"
beginikah,54,"2021-09-17 01:51:23","2021-09-17 01:51:23"
beginilah,55,"2021-09-17 01:51:27","2021-09-17 01:51:27"
begitu,56,"2021-09-17 01:51:50","2021-09-17 01:51:50"
begitukah,57,"2021-09-17 01:51:53","2021-09-17 01:51:53"
begitulah,58,"2021-09-17 01:51:58","2021-09-17 01:51:58"
begitupun,59,"2021-09-17 01:52:01","2021-09-17 01:52:01"
bekerja,60,"2021-09-17 01:52:03","2021-09-17 01:52:03"
elakang,61,"2021-09-17 01:52:05","2021-09-17 01:52:05"
belakangan,62,"2021-09-17 01:52:17","2021-09-17 01:52:17"
belum,63,"2021-09-17 01:52:22","2021-09-17 01:52:22"
belumlah,64,"2021-09-17 01:52:24","2021-09-17 01:52:24"
benar,65,"2021-09-17 01:52:27","2021-09-17 01:52:27"
benarkah,66,"2021-09-17 01:52:30","2021-09-17 01:52:30"
benarlah,67,"2021-09-17 01:52:37","2021-09-17 01:52:37"
berada,68,"2021-09-17 01:52:40","2021-09-17 01:52:40"
berakhir,69,"2021-09-17 01:52:43","2021-09-17 01:52:43"
berakhirlah,70,"2021-09-17 01:52:48","2021-09-17 01:52:48"
berakhirnya,71,"2021-09-17 01:52:56","2021-09-17 01:52:56"
berapa,72,"2021-09-17 01:53:00","2021-09-17 01:53:00"
berapakah,73,"2021-09-17 01:53:05","2021-09-17 01:53:05"
berapalah,74,"2021-09-17 01:53:09","2021-09-17 01:53:09"
berapapun,75,"2021-09-17 01:53:13","2021-09-17 01:53:13"
berarti,76,"2021-09-17 01:53:15","2021-09-17 01:53:15"
berawal,77,"2021-09-17 01:53:18","2021-09-17 01:53:18"
berbagi,78,"2021-09-17 01:53:21","2021-09-17 01:53:21"
berdatangan,79,"2021-09-17 01:53:27","2021-09-17 01:53:27"
beri,80,"2021-09-17 01:53:36","2021-09-17 01:53:36"
berikan,81,"2021-09-17 01:53:37","2021-09-17 01:53:37"
berikut,82,"2021-09-17 01:53:38","2021-09-17 01:53:38"
berikutnya,83,"2021-09-17 01:53:44","2021-09-17 01:53:44"
berjumlah,84,"2021-09-17 01:53:46","2021-09-17 01:53:46"
berkali-kali,85,"2021-09-17 01:53:49","2021-09-17 01:53:49"
berkata,86,"2021-09-17 01:53:52","2021-09-17 01:53:52"
berkehendak,87,"2021-09-17 01:53:56","2021-09-17 01:53:56"
berkeinginan,88,"2021-09-17 01:53:59","2021-09-17 01:53:59"
berkenaan,89,"2021-09-17 01:54:02","2021-09-17 01:54:02"
berlalu,90,"2021-09-17 01:54:05","2021-09-17 01:54:05"
berlangsung,91,"2021-09-17 01:54:08","2021-09-17 01:54:08"
berlebihan,92,"2021-09-17 01:54:14","2021-09-17 01:54:14"
bermacam,93,"2021-09-17 01:54:17","2021-09-17 01:54:17"
bersama-sama,94,"2021-09-17 01:54:24","2021-09-17 01:54:24"
bersiap,95,"2021-09-17 01:54:27","2021-09-17 01:54:27"
bersiap-siap,96,"2021-09-17 01:54:34","2021-09-17 01:54:34"
bertanya,97,"2021-09-17 01:54:36","2021-09-17 01:54:36"
bertanya-tanya,98,"2021-09-17 01:54:40","2021-09-17 01:54:40"
berturut,99,"2021-09-17 01:54:44","2021-09-17 01:54:44"
berturut-turut,100,"2021-09-17 01:54:48","2021-09-17 01:54:48"
bertutur,101,"2021-09-17 01:54:51","2021-09-17 01:54:51"
berujar,102,"2021-09-17 01:54:56","2021-09-17 01:54:56"
berupa,103,"2021-09-17 01:54:58","2021-09-17 01:54:58"
besar,104,"2021-09-17 01:55:00","2021-09-17 01:55:00"
betul,105,"2021-09-17 01:55:03","2021-09-17 01:55:03"
betulkah,106,"2021-09-17 01:55:27","2021-09-17 01:55:27"
biasa,107,"2021-09-17 01:55:34","2021-09-17 01:55:34"
biasanya,108,"2021-09-17 01:55:36","2021-09-17 01:55:36"
bila,109,"2021-09-17 01:55:38","2021-09-17 01:55:38"
bilakah,110,"2021-09-17 01:55:42","2021-09-17 01:55:42"
bisa,111,"2021-09-17 01:55:44","2021-09-17 01:55:44"
bisakah,112,"2021-09-17 01:55:47","2021-09-17 01:55:47"
boleh,113,"2021-09-17 01:55:49","2021-09-17 01:55:49"
bolehkah,114,"2021-09-17 01:55:54","2021-09-17 01:55:54"
bolehlah,115,"2021-09-17 01:55:58","2021-09-17 01:55:58"
buat,116,"2021-09-17 01:56:00","2021-09-17 01:56:00"
bukan,117,"2021-09-17 01:57:25","2021-09-17 01:57:25"
bukankah,118,"2021-09-17 01:57:29","2021-09-17 01:57:29"
bukanlah,119,"2021-09-17 01:57:34","2021-09-17 01:57:34"
bukannya,120,"2021-09-17 01:57:36","2021-09-17 01:57:36"
bulan,121,"2021-09-17 01:57:38","2021-09-17 01:57:38"
bung,122,"2021-09-17 01:57:40","2021-09-17 01:57:40"
cara,123,"2021-09-17 01:57:42","2021-09-17 01:57:42"
caranya,124,"2021-09-17 01:57:44","2021-09-17 01:57:44"
cukup,125,"2021-09-17 01:57:47","2021-09-17 01:57:47"
cukupkah,126,"2021-09-17 01:57:50","2021-09-17 01:57:50"
cukuplah,127,"2021-09-17 01:57:53","2021-09-17 01:57:53"
cuma,128,"2021-09-17 01:57:55","2021-09-17 01:57:55"
dahulu,129,"2021-09-17 01:57:57","2021-09-17 01:57:57"
dalam,130,"2021-09-17 01:57:58","2021-09-17 01:57:58"
dan,131,"2021-09-17 01:57:59","2021-09-17 01:57:59"
dapat,132,"2021-09-17 01:58:01","2021-09-17 01:58:01"
dari,133,"2021-09-17 01:58:02","2021-09-17 01:58:02"
daripada,134,"2021-09-17 01:58:05","2021-09-17 01:58:05"
datang,135,"2021-09-17 01:58:07","2021-09-17 01:58:07"
dekat,136,"2021-09-17 01:58:09","2021-09-17 01:58:09"
demi,137,"2021-09-17 01:58:10","2021-09-17 01:58:10"
demikian,138,"2021-09-17 01:58:13","2021-09-17 01:58:13"
demikianlah,139,"2021-09-17 01:58:16","2021-09-17 01:58:16"
dengan,140,"2021-09-17 01:58:18","2021-09-17 01:58:18"
depan,141,"2021-09-17 01:58:20","2021-09-17 01:58:20"
di,142,"2021-09-17 01:58:21","2021-09-17 01:58:21"
dia,143,"2021-09-17 01:58:22","2021-09-17 01:58:22"
diakhiri,144,"2021-09-17 01:58:26","2021-09-17 01:58:26"
diakhirinya,145,"2021-09-17 01:58:29","2021-09-17 01:58:29"
dialah,146,"2021-09-17 01:58:31","2021-09-17 01:58:31"
diantara,147,"2021-09-17 01:58:45","2021-09-17 01:58:45"
diantaranya,148,"2021-09-17 01:58:51","2021-09-17 01:58:51"
diberi,149,"2021-09-17 01:58:53","2021-09-17 01:58:53"
diberikan,150,"2021-09-17 01:58:55","2021-09-17 01:58:55"
diberikannya,151,"2021-09-17 01:58:58","2021-09-17 01:58:58"
dibuat,152,"2021-09-17 01:59:02","2021-09-17 01:59:02"
dibuatnya,153,"2021-09-17 01:59:09","2021-09-17 01:59:09"
didapat,154,"2021-09-17 01:59:12","2021-09-17 01:59:12"
didatangkan,155,"2021-09-17 01:59:14","2021-09-17 01:59:14"
digunakan,156,"2021-09-17 01:59:17","2021-09-17 01:59:17"
diibaratkan,157,"2021-09-17 01:59:21","2021-09-17 01:59:21"
diibaratkannya,158,"2021-09-17 01:59:32","2021-09-17 01:59:32"
diingat,159,"2021-09-17 01:59:34","2021-09-17 01:59:34"
diingatkan,160,"2021-09-17 01:59:40","2021-09-17 01:59:40"
diinginkan,161,"2021-09-17 01:59:44","2021-09-17 01:59:44"
dijawab,162,"2021-09-17 01:59:47","2021-09-17 01:59:47"
dijelaskan,163,"2021-09-17 01:59:49","2021-09-17 01:59:49"
dijelaskannya,164,"2021-09-17 02:00:05","2021-09-17 02:00:05"
dikerjakan,165,"2021-09-17 02:00:08","2021-09-17 02:00:08"
diketahui,166,"2021-09-17 02:00:12","2021-09-17 02:00:12"
diketahuinya,167,"2021-09-17 02:00:18","2021-09-17 02:00:18"
dikiranya,168,"2021-09-17 02:00:22","2021-09-17 02:00:22"
dilakukan,169,"2021-09-17 02:00:26","2021-09-17 02:00:26"
dilalui,170,"2021-09-17 02:00:28","2021-09-17 02:00:28"
dilihat,171,"2021-09-17 02:00:32","2021-09-17 02:00:32"
dimaksud,172,"2021-09-17 02:00:34","2021-09-17 02:00:34"
dimaksudkan,173,"2021-09-17 02:00:43","2021-09-17 02:00:43"
dimaksudkannya,174,"2021-09-17 02:00:48","2021-09-17 02:00:48"
dimaksudnya,175,"2021-09-17 02:01:21","2021-09-17 02:01:21"
diminta,176,"2021-09-17 02:01:26","2021-09-17 02:01:26"
dimintai,177,"2021-09-17 02:01:30","2021-09-17 02:01:30"
dimisalkan,178,"2021-09-17 02:01:35","2021-09-17 02:01:35"
dimulai,179,"2021-09-17 02:01:37","2021-09-17 02:01:37"
dimulailah,180,"2021-09-17 02:01:42","2021-09-17 02:01:42"
dimulainya,181,"2021-09-17 02:01:46","2021-09-17 02:01:46"
dimungkinkan,182,"2021-09-17 02:01:50","2021-09-17 02:01:50"
dini,183,"2021-09-17 02:01:53","2021-09-17 02:01:53"
dipastikan,184,"2021-09-17 02:01:55","2021-09-17 02:01:55"
diperbuat,185,"2021-09-17 02:01:58","2021-09-17 02:01:58"
diperbuatnya,186,"2021-09-17 02:02:01","2021-09-17 02:02:01"
dipergunakan,187,"2021-09-17 02:02:16","2021-09-17 02:02:16"
diperkirakan,188,"2021-09-17 02:02:26","2021-09-17 02:02:26"
diperlihatkan,189,"2021-09-17 02:02:31","2021-09-17 02:02:31"
diperlukan,190,"2021-09-17 02:02:35","2021-09-17 02:02:35"
diperlukannya,191,"2021-09-17 02:02:40","2021-09-17 02:02:40"
dipersoalkan,192,"2021-09-17 02:02:44","2021-09-17 02:02:44"
dipertanyakan,193,"2021-09-17 02:02:49","2021-09-17 02:02:49"
dipunyai,194,"2021-09-17 02:02:52","2021-09-17 02:02:52"
diri,195,"2021-09-17 02:02:55","2021-09-17 02:02:55"
dirinya,196,"2021-09-17 02:03:06","2021-09-17 02:03:06"
disampaikan,197,"2021-09-17 02:11:22","2021-09-17 02:11:22"
disebut,198,"2021-09-17 02:11:25","2021-09-17 02:11:25"
disebutkan,199,"2021-09-17 02:11:31","2021-09-17 02:11:31"
disebutkannya,200,"2021-09-17 02:11:34","2021-09-17 02:11:34"
disini,201,"2021-09-17 02:11:37","2021-09-17 02:11:37"
disinilah,202,"2021-09-17 02:11:40","2021-09-17 02:11:40"
ditambahkan,203,"2021-09-17 02:11:48","2021-09-17 02:11:48"
ditandaskan,204,"2021-09-17 02:11:52","2021-09-17 02:11:52"
ditanya,205,"2021-09-17 02:11:56","2021-09-17 02:11:56"
ditanyai,206,"2021-09-17 03:02:33","2021-09-17 03:02:33"
ditanyakan,207,"2021-09-17 03:02:39","2021-09-17 03:02:39"
ditegaskan,208,"2021-09-17 03:02:42","2021-09-17 03:02:42"
ditunjukan,209,"2021-09-17 03:02:58","2021-09-17 03:02:58"
ditunjuki,210,"2021-09-17 03:03:04","2021-09-17 03:03:04"
ditunjukkan,211,"2021-09-17 03:03:07","2021-09-17 03:03:07"
ditunjukkannya,212,"2021-09-17 03:03:11","2021-09-17 03:03:11"
ditunjuknya,213,"2021-09-17 03:03:18","2021-09-17 03:03:18"
dituturkan,214,"2021-09-17 03:03:23","2021-09-17 03:03:23"
dituturkannya,215,"2021-09-17 03:03:26","2021-09-17 03:03:26"
diucapkan,216,"2021-09-17 03:03:33","2021-09-17 03:03:33"
diucapkannya,217,"2021-09-17 03:03:36","2021-09-17 03:03:36"
diungkapkan,218,"2021-09-17 03:03:40","2021-09-17 03:03:40"
dong,219,"2021-09-17 03:03:42","2021-09-17 03:03:42"
dua,220,"2021-09-17 03:03:44","2021-09-17 03:03:44"
dulu,221,"2021-09-17 03:03:47","2021-09-17 03:03:47"
empat,222,"2021-09-17 03:03:49","2021-09-17 03:03:49"
engga,223,"2021-09-17 03:03:51","2021-09-17 03:03:51"
enggaknya,224,"2021-09-17 03:03:53","2021-09-17 03:03:53"
entah,225,"2021-09-17 03:03:55","2021-09-17 03:03:55"
entahlah,226,"2021-09-17 03:03:58","2021-09-17 03:03:58"
guna,227,"2021-09-17 03:03:59","2021-09-17 03:03:59"
gunakan,228,"2021-09-17 03:04:02","2021-09-17 03:04:02"
hal,229,"2021-09-17 03:04:05","2021-09-17 03:04:05"
hampir,230,"2021-09-17 03:04:07","2021-09-17 03:04:07"
hanya,231,"2021-09-17 03:04:10","2021-09-17 03:04:10"
hanyalah,232,"2021-09-17 03:04:13","2021-09-17 03:04:13"
hari,233,"2021-09-17 03:04:15","2021-09-17 03:04:15"
harus,234,"2021-09-17 03:04:17","2021-09-17 03:04:17"
haruslah,235,"2021-09-17 03:04:22","2021-09-17 03:04:22"
harusnya,236,"2021-09-17 03:04:26","2021-09-17 03:04:26"
hendak,237,"2021-09-17 03:04:33","2021-09-17 03:04:33"
hendaknya,238,"2021-09-17 03:04:36","2021-09-17 03:04:36"
hendaklah,239,"2021-09-17 03:04:40","2021-09-17 03:04:40"
hingga,240,"2021-09-17 03:04:42","2021-09-17 03:04:42"
ia,241,"2021-09-17 03:04:43","2021-09-17 03:04:43"
ialah,242,"2021-09-17 03:04:44","2021-09-17 03:04:44"
ibarat,243,"2021-09-17 03:04:49","2021-09-17 03:04:49"
ibaratkan,244,"2021-09-17 03:04:52","2021-09-17 03:04:52"
ibaratnya,245,"2021-09-17 03:04:56","2021-09-17 03:04:56"
ibu,246,"2021-09-17 03:04:57","2021-09-17 03:04:57"
ikut,247,"2021-09-17 03:04:59","2021-09-17 03:04:59"
ingat,248,"2021-09-17 03:05:01","2021-09-17 03:05:01"
ingat-ingat,249,"2021-09-17 03:05:05","2021-09-17 03:05:05"
ingin,250,"2021-09-17 03:05:06","2021-09-17 03:05:06"
inginkah,251,"2021-09-17 03:05:11","2021-09-17 03:05:11"
inginkan,252,"2021-09-17 03:05:14","2021-09-17 03:05:14"
ini,253,"2021-09-17 03:05:15","2021-09-17 03:05:15"
inikah,254,"2021-09-17 03:05:19","2021-09-17 03:05:19"
inilah,255,"2021-09-17 03:05:28","2021-09-17 03:05:28"
itu,256,"2021-09-17 03:05:30","2021-09-17 03:05:30"
itukah,257,"2021-09-17 03:06:01","2021-09-17 03:06:01"
itulah,258,"2021-09-17 03:06:03","2021-09-17 03:06:03"
jadi,259,"2021-09-17 03:06:04","2021-09-17 03:06:04"
jadilah,260,"2021-09-17 03:06:07","2021-09-17 03:06:07"
jadinya,261,"2021-09-17 03:06:12","2021-09-17 03:06:12"
jangan,262,"2021-09-17 03:06:15","2021-09-17 03:06:15"
jangankan,263,"2021-09-17 03:06:19","2021-09-17 03:06:19"
janganlah,264,"2021-09-17 03:06:23","2021-09-17 03:06:23"
jauh,265,"2021-09-17 03:06:25","2021-09-17 03:06:25"
jawab,266,"2021-09-17 03:06:27","2021-09-17 03:06:27"
jawaban,267,"2021-09-17 03:06:29","2021-09-17 03:06:29"
jawabnya,268,"2021-09-17 03:06:31","2021-09-17 03:06:31"
jelas,269,"2021-09-17 03:06:33","2021-09-17 03:06:33"
jelaskan,270,"2021-09-17 03:06:36","2021-09-17 03:06:36"
jelaslah,271,"2021-09-17 03:06:40","2021-09-17 03:06:40"
jelasnya,272,"2021-09-17 03:06:43","2021-09-17 03:06:43"
jika,273,"2021-09-17 03:06:47","2021-09-17 03:06:47"
jikalau,274,"2021-09-17 03:06:56","2021-09-17 03:06:56"
juga,275,"2021-09-17 03:06:58","2021-09-17 03:06:58"
jumlah,276,"2021-09-17 03:07:02","2021-09-17 03:07:02"
jumlahnya,277,"2021-09-17 03:07:05","2021-09-17 03:07:05"
justru,278,"2021-09-17 03:07:08","2021-09-17 03:07:08"
kala,279,"2021-09-17 03:07:17","2021-09-17 03:07:17"
kalau,280,"2021-09-17 03:07:19","2021-09-17 03:07:19"
kalaulah,281,"2021-09-17 03:07:22","2021-09-17 03:07:22"
kalaupun,282,"2021-09-17 03:07:26","2021-09-17 03:07:26"
kalian,283,"2021-09-17 03:07:28","2021-09-17 03:07:28"
kami,284,"2021-09-17 03:07:29","2021-09-17 03:07:29"
kamilah,285,"2021-09-17 03:07:31","2021-09-17 03:07:31"
kamu,286,"2021-09-17 03:07:33","2021-09-17 03:07:33"
kamulah,287,"2021-09-17 03:07:35","2021-09-17 03:07:35"
kan,288,"2021-09-17 03:07:37","2021-09-17 03:07:37"
kapan,289,"2021-09-17 03:07:38","2021-09-17 03:07:38"
kapankah,290,"2021-09-17 03:07:40","2021-09-17 03:07:40"
kapanpun,291,"2021-09-17 03:07:43","2021-09-17 03:07:43"
karena,292,"2021-09-17 03:07:45","2021-09-17 03:07:45"
karenanya,293,"2021-09-17 03:07:50","2021-09-17 03:07:50"
kasus,294,"2021-09-17 03:07:53","2021-09-17 03:07:53"
kata,295,"2021-09-17 03:07:55","2021-09-17 03:07:55"
katakan,296,"2021-09-17 03:07:57","2021-09-17 03:07:57"
katakanlah,297,"2021-09-17 03:08:00","2021-09-17 03:08:00"
katanya,298,"2021-09-17 03:08:03","2021-09-17 03:08:03"
ke,299,"2021-09-17 03:08:05","2021-09-17 03:08:05"
keadaaan,300,"2021-09-17 03:08:09","2021-09-17 03:08:09"
kebetulan,301,"2021-09-17 03:08:11","2021-09-17 03:08:11"
kecil,302,"2021-09-17 03:08:13","2021-09-17 03:08:13"
kedua,303,"2021-09-17 03:08:15","2021-09-17 03:08:15"
keduanya,304,"2021-09-17 03:08:19","2021-09-17 03:08:19"
keinginan,305,"2021-09-17 03:08:32","2021-09-17 03:08:32"
kelamaan,306,"2021-09-17 03:08:35","2021-09-17 03:08:35"
kelihatan,307,"2021-09-17 03:08:37","2021-09-17 03:08:37"
kelihatannya,308,"2021-09-17 03:08:41","2021-09-17 03:08:41"
kelima,309,"2021-09-17 03:08:43","2021-09-17 03:08:43"
keluar,310,"2021-09-17 03:08:45","2021-09-17 03:08:45"
kembali,311,"2021-09-17 03:08:47","2021-09-17 03:08:47"
kemudian,312,"2021-09-17 03:08:55","2021-09-17 03:08:55"
kemungkinan,313,"2021-09-17 03:08:58","2021-09-17 03:08:58"
kemungkinannya,314,"2021-09-17 03:09:03","2021-09-17 03:09:03"
kenapa,315,"2021-09-17 03:09:06","2021-09-17 03:09:06"
kepada,316,"2021-09-17 03:09:11","2021-09-17 03:09:11"
kepadanya,317,"2021-09-17 03:09:23","2021-09-17 03:09:23"
kesampaian,318,"2021-09-17 03:09:28","2021-09-17 03:09:28"
keseluruhan,319,"2021-09-17 03:09:33","2021-09-17 03:09:33"
keseluruhannya,320,"2021-09-17 03:09:40","2021-09-17 03:09:40"
keterlaluan,321,"2021-09-17 03:09:43","2021-09-17 03:09:43"
ketika,322,"2021-09-17 03:09:46","2021-09-17 03:09:46"
khususnya,323,"2021-09-17 03:09:49","2021-09-17 03:09:49"
kini,324,"2021-09-17 03:09:50","2021-09-17 03:09:50"
kinilah,325,"2021-09-17 03:09:54","2021-09-17 03:09:54"
kira,326,"2021-09-17 03:09:55","2021-09-17 03:09:55"
kira-kira,327,"2021-09-17 03:09:59","2021-09-17 03:09:59"
kiranya,328,"2021-09-17 03:10:03","2021-09-17 03:10:03"
kita,329,"2021-09-17 03:10:05","2021-09-17 03:10:05"
kitalah,330,"2021-09-17 03:10:07","2021-09-17 03:10:07"
ok,331,"2021-09-17 03:10:09","2021-09-17 03:10:09"
kurang,332,"2021-09-17 03:10:10","2021-09-17 03:10:10"
lagi,333,"2021-09-17 03:10:12","2021-09-17 03:10:12"
lagian,334,"2021-09-17 03:10:14","2021-09-17 03:10:14"
lah,335,"2021-09-17 03:10:16","2021-09-17 03:10:16"
lain,336,"2021-09-17 03:10:19","2021-09-17 03:10:19"
lainnya,337,"2021-09-17 03:10:21","2021-09-17 03:10:21"
lalu,338,"2021-09-17 03:10:22","2021-09-17 03:10:22"
lama,339,"2021-09-17 03:10:25","2021-09-17 03:10:25"
lamanya,340,"2021-09-17 03:10:27","2021-09-17 03:10:27"
lanjut,341,"2021-09-17 03:10:29","2021-09-17 03:10:29"
lanjutnya,342,"2021-09-17 03:10:32","2021-09-17 03:10:32"
lebih,343,"2021-09-17 03:10:34","2021-09-17 03:10:34"
lewat,344,"2021-09-17 03:10:37","2021-09-17 03:10:37"
lima,345,"2021-09-17 03:10:40","2021-09-17 03:10:40"
luar,346,"2021-09-17 03:10:42","2021-09-17 03:10:42"
macam,347,"2021-09-17 03:10:44","2021-09-17 03:10:44"
makan,348,"2021-09-17 03:10:47","2021-09-17 03:10:47"
makanya,349,"2021-09-17 03:10:50","2021-09-17 03:10:50"
makin,350,"2021-09-17 03:10:52","2021-09-17 03:10:52"
malah,351,"2021-09-17 03:10:53","2021-09-17 03:10:53"
malahan,352,"2021-09-17 03:10:55","2021-09-17 03:10:55"
mampu,353,"2021-09-17 03:10:57","2021-09-17 03:10:57"
mampukah,354,"2021-09-17 03:11:00","2021-09-17 03:11:00"
mana,355,"2021-09-17 03:11:02","2021-09-17 03:11:02"
manakala,356,"2021-09-17 03:11:05","2021-09-17 03:11:05"
manalagi,357,"2021-09-17 03:11:07","2021-09-17 03:11:07"
masa,358,"2021-09-17 03:11:56","2021-09-17 03:11:56"
masalah,359,"2021-09-17 03:11:58","2021-09-17 03:11:58"
masalahnya,360,"2021-09-17 03:12:03","2021-09-17 03:12:03"
masih,361,"2021-09-17 03:12:05","2021-09-17 03:12:05"
masihkah,362,"2021-09-17 03:12:10","2021-09-17 03:12:10"
masing,363,"2021-09-17 03:12:11","2021-09-17 03:12:11"
masing-masing,364,"2021-09-17 03:12:15","2021-09-17 03:12:15"
mau,365,"2021-09-17 03:12:16","2021-09-17 03:12:16"
maupun,366,"2021-09-17 03:12:19","2021-09-17 03:12:19"
melainkan,367,"2021-09-17 03:12:22","2021-09-17 03:12:22"
melakukan,368,"2021-09-17 03:12:23","2021-09-17 03:12:23"
melalui,369,"2021-09-17 03:12:26","2021-09-17 03:12:26"
melihat,370,"2021-09-17 03:12:28","2021-09-17 03:12:28"
melihatnya,371,"2021-09-17 03:12:31","2021-09-17 03:12:31"
memang,372,"2021-09-17 03:12:34","2021-09-17 03:12:34"
memastikan,373,"2021-09-17 03:12:38","2021-09-17 03:12:38"
memberi,374,"2021-09-17 03:12:40","2021-09-17 03:12:40"
memberikan,375,"2021-09-17 03:12:42","2021-09-17 03:12:42"
membuat,376,"2021-09-17 03:12:44","2021-09-17 03:12:44"
memerlukan,377,"2021-09-17 03:12:48","2021-09-17 03:12:48"
memihak,378,"2021-09-17 03:12:51","2021-09-17 03:12:51"
meminta,379,"2021-09-17 03:12:53","2021-09-17 03:12:53"
memintakan,380,"2021-09-17 03:12:58","2021-09-17 03:12:58"
memisalkan,381,"2021-09-17 03:13:03","2021-09-17 03:13:03"
memperbuat,382,"2021-09-17 03:13:06","2021-09-17 03:13:06"
mempergunakan,383,"2021-09-17 03:13:11","2021-09-17 03:13:11"
memperkirakan,384,"2021-09-17 03:13:14","2021-09-17 03:13:14"
memperlihatkan,385,"2021-09-17 03:13:18","2021-09-17 03:13:18"
mempersiapkan,386,"2021-09-17 03:13:20","2021-09-17 03:13:20"
mempersoalkan,387,"2021-09-17 03:13:23","2021-09-17 03:13:23"
mempertanyakan,388,"2021-09-17 03:13:27","2021-09-17 03:13:27"
mempunyai,389,"2021-09-17 03:13:33","2021-09-17 03:13:33"
memulai,390,"2021-09-17 03:13:35","2021-09-17 03:13:35"
memungkinkan,391,"2021-09-17 03:13:46","2021-09-17 03:13:46"
menaiki,392,"2021-09-17 03:13:49","2021-09-17 03:13:49"
menambahkan,393,"2021-09-17 03:13:57","2021-09-17 03:13:57"
menandaskan,394,"2021-09-17 03:14:02","2021-09-17 03:14:02"
menanti,395,"2021-09-17 03:14:04","2021-09-17 03:14:04"
menanti-nanti,396,"2021-09-17 03:14:08","2021-09-17 03:14:08"
menantikan,397,"2021-09-17 03:14:11","2021-09-17 03:14:11"
menanya,398,"2021-09-17 03:14:16","2021-09-17 03:14:16"
menanyai,399,"2021-09-17 03:15:21","2021-09-17 03:15:21"
menanyakan,400,"2021-09-17 03:15:25","2021-09-17 03:15:25"
mendapat,401,"2021-09-17 03:15:34","2021-09-17 03:15:34"
mendapatkan,402,"2021-09-17 03:15:38","2021-09-17 03:15:38"
mendatang,403,"2021-09-17 03:15:49","2021-09-17 03:15:49"
mendatangi,404,"2021-09-17 03:15:53","2021-09-17 03:15:53"
mendatangkan,405,"2021-09-17 03:16:00","2021-09-17 03:16:00"
menegaskan,406,"2021-09-17 03:16:02","2021-09-17 03:16:02"
mengakhiri,407,"2021-09-17 03:16:04","2021-09-17 03:16:04"
mengapa,408,"2021-09-17 03:16:08","2021-09-17 03:16:08"
mengatakan,409,"2021-09-17 03:16:11","2021-09-17 03:16:11"
mengatakannya,410,"2021-09-17 03:16:17","2021-09-17 03:16:17"
mengenai,411,"2021-09-17 03:16:20","2021-09-17 03:16:20"
mengerjakan,412,"2021-09-17 03:16:25","2021-09-17 03:16:25"
mengetahui,413,"2021-09-17 03:16:35","2021-09-17 03:16:35"
menggunakan,414,"2021-09-17 03:16:38","2021-09-17 03:16:38"
menghendaki,415,"2021-09-17 03:16:41","2021-09-17 03:16:41"
mengibaratkan,416,"2021-09-17 03:16:49","2021-09-17 03:16:49"
mengibaratkannya,417,"2021-09-17 03:16:53","2021-09-17 03:16:53"
mengingat,418,"2021-09-17 03:17:03","2021-09-17 03:17:03"
mengingatkan,419,"2021-09-17 03:17:06","2021-09-17 03:17:06"
menginginkan,420,"2021-09-17 03:17:13","2021-09-17 03:17:13"
mengira,421,"2021-09-17 03:17:15","2021-09-17 03:17:15"
mengucapkan,422,"2021-09-17 03:17:19","2021-09-17 03:17:19"
mengucapkannya,423,"2021-09-17 03:17:25","2021-09-17 03:17:25"
mengungkapkan,424,"2021-09-17 03:17:29","2021-09-17 03:17:29"
menjadi,425,"2021-09-17 03:17:31","2021-09-17 03:17:31"
menjawab,426,"2021-09-17 03:17:35","2021-09-17 03:17:35"
menjelaskan,427,"2021-09-17 03:17:40","2021-09-17 03:17:40"
menuju,428,"2021-09-17 03:17:42","2021-09-17 03:17:42"
menunjuk,429,"2021-09-17 03:17:49","2021-09-17 03:17:49"
menunjuki,430,"2021-09-17 03:17:53","2021-09-17 03:17:53"
menunjukkan,431,"2021-09-17 03:17:57","2021-09-17 03:17:57"
menunjuknya,432,"2021-09-17 03:18:06","2021-09-17 03:18:06"
menurut,433,"2021-09-17 03:18:09","2021-09-17 03:18:09"
menuturkan,434,"2021-09-17 03:18:18","2021-09-17 03:18:18"
menyampaikan,435,"2021-09-17 03:18:23","2021-09-17 03:18:23"
menyangkut,436,"2021-09-17 03:18:27","2021-09-17 03:18:27"
menyatakan,437,"2021-09-17 03:18:46","2021-09-17 03:18:46"
menyebutkan,438,"2021-09-17 03:18:49","2021-09-17 03:18:49"
menyeluruh,439,"2021-09-17 03:18:59","2021-09-17 03:18:59"
menyiapkan,440,"2021-09-17 03:19:04","2021-09-17 03:19:04"
merasa,441,"2021-09-17 03:19:13","2021-09-17 03:19:13"
mereka,442,"2021-09-17 03:19:16","2021-09-17 03:19:16"
merekalah,443,"2021-09-17 03:19:19","2021-09-17 03:19:19"
merupakan,444,"2021-09-17 03:19:21","2021-09-17 03:19:21"
meski,445,"2021-09-17 03:19:23","2021-09-17 03:19:23"
meskipun,446,"2021-09-17 03:19:27","2021-09-17 03:19:27"
meyakini,447,"2021-09-17 03:19:33","2021-09-17 03:19:33"
meyakinkan,448,"2021-09-17 03:19:36","2021-09-17 03:19:36"
minta,449,"2021-09-17 03:19:38","2021-09-17 03:19:38"
mirip,450,"2021-09-17 03:19:40","2021-09-17 03:19:40"
misal,451,"2021-09-17 03:19:42","2021-09-17 03:19:42"
misalkan,452,"2021-09-17 03:19:44","2021-09-17 03:19:44"
misalnya,453,"2021-09-17 03:19:46","2021-09-17 03:19:46"
mula,454,"2021-09-17 03:19:48","2021-09-17 03:19:48"
mulai,455,"2021-09-17 03:19:50","2021-09-17 03:19:50"
mulailah,456,"2021-09-17 03:19:52","2021-09-17 03:19:52"
mulanya,457,"2021-09-17 03:19:54","2021-09-17 03:19:54"
mungkin,458,"2021-09-17 03:19:57","2021-09-17 03:19:57"
mungkinkah,459,"2021-09-17 03:20:01","2021-09-17 03:20:01"
nah,460,"2021-09-17 03:20:02","2021-09-17 03:20:02"
naik,461,"2021-09-17 03:20:05","2021-09-17 03:20:05"
namun,462,"2021-09-17 03:20:09","2021-09-17 03:20:09"
nanti,463,"2021-09-17 03:20:11","2021-09-17 03:20:11"
nantinya,464,"2021-09-17 03:20:14","2021-09-17 03:20:14"
nyaris,465,"2021-09-17 03:20:18","2021-09-17 03:20:18"
nyatanya,466,"2021-09-17 03:20:22","2021-09-17 03:20:22"
oleh,467,"2021-09-17 03:20:23","2021-09-17 03:20:23"
olehnya,468,"2021-09-17 03:20:28","2021-09-17 03:20:28"
pada,469,"2021-09-17 03:20:30","2021-09-17 03:20:30"
padahal,470,"2021-09-17 03:20:33","2021-09-17 03:20:33"
padanya,471,"2021-09-17 03:20:35","2021-09-17 03:20:35"
pak,472,"2021-09-17 03:20:37","2021-09-17 03:20:37"
paling,473,"2021-09-17 03:20:38","2021-09-17 03:20:38"
panjang,474,"2021-09-17 03:20:40","2021-09-17 03:20:40"
pantas,475,"2021-09-17 03:20:42","2021-09-17 03:20:42"
para,476,"2021-09-17 03:20:46","2021-09-17 03:20:46"
pasti,477,"2021-09-17 03:20:48","2021-09-17 03:20:48"
pastilah,478,"2021-09-17 03:20:50","2021-09-17 03:20:50"
penting,479,"2021-09-17 03:20:53","2021-09-17 03:20:53"
pentingnya,480,"2021-09-17 03:20:57","2021-09-17 03:20:57"
per,481,"2021-09-17 03:20:58","2021-09-17 03:20:58"
percuma,482,"2021-09-17 03:21:01","2021-09-17 03:21:01"
perlu,483,"2021-09-17 03:21:27","2021-09-17 03:21:27"
perlukah,484,"2021-09-17 03:21:33","2021-09-17 03:21:33"
perlunya,485,"2021-09-17 03:21:36","2021-09-17 03:21:36"
pernah,486,"2021-09-17 03:21:39","2021-09-17 03:21:39"
persoalan,487,"2021-09-17 03:21:43","2021-09-17 03:21:43"
pertama,488,"2021-09-17 03:21:45","2021-09-17 03:21:45"
pertama-tama,489,"2021-09-17 03:21:51","2021-09-17 03:21:51"
pertanyaan,490,"2021-09-17 03:21:55","2021-09-17 03:21:55"
pertanyakan,491,"2021-09-17 03:22:07","2021-09-17 03:22:07"
pihak,492,"2021-09-17 03:22:12","2021-09-17 03:22:12"
pihaknya,493,"2021-09-17 03:22:15","2021-09-17 03:22:15"
pukul,494,"2021-09-17 03:22:20","2021-09-17 03:22:20"
pula,495,"2021-09-17 03:22:22","2021-09-17 03:22:22"
pun,496,"2021-09-17 03:22:23","2021-09-17 03:22:23"
punya,497,"2021-09-17 03:22:25","2021-09-17 03:22:25"
rasa,498,"2021-09-17 03:22:27","2021-09-17 03:22:27"
rasanya,499,"2021-09-17 03:22:30","2021-09-17 03:22:30"
rata,500,"2021-09-17 03:22:32","2021-09-17 03:22:32"
rupanya,501,"2021-09-17 03:22:35","2021-09-17 03:22:35"
saat,502,"2021-09-17 03:22:37","2021-09-17 03:22:37"
saatnya,503,"2021-09-17 03:22:39","2021-09-17 03:22:39"
saja,504,"2021-09-17 03:22:40","2021-09-17 03:22:40"
sajalah,505,"2021-09-17 03:22:43","2021-09-17 03:22:43"
saling,506,"2021-09-17 03:22:46","2021-09-17 03:22:46"
sama,507,"2021-09-17 03:22:47","2021-09-17 03:22:47"
sama-sama,508,"2021-09-17 03:22:51","2021-09-17 03:22:51"
sampaikan,509,"2021-09-17 03:22:54","2021-09-17 03:22:54"
sana,510,"2021-09-17 03:22:56","2021-09-17 03:22:56"
sangat,511,"2021-09-17 03:22:58","2021-09-17 03:22:58"
sangatlah,512,"2021-09-17 03:23:02","2021-09-17 03:23:02"
satu,513,"2021-09-17 03:23:04","2021-09-17 03:23:04"
saya,514,"2021-09-17 03:23:07","2021-09-17 03:23:07"
sayalah,515,"2021-09-17 03:23:12","2021-09-17 03:23:12"
se,516,"2021-09-17 03:23:13","2021-09-17 03:23:13"
sebab,517,"2021-09-17 03:23:16","2021-09-17 03:23:16"
sebabnya,518,"2021-09-17 03:23:19","2021-09-17 03:23:19"
sebagian,519,"2021-09-17 03:23:22","2021-09-17 03:23:22"
sebagaimana,520,"2021-09-17 03:23:28","2021-09-17 03:23:28"
sebagainya,521,"2021-09-17 03:23:44","2021-09-17 03:23:44"
sebaik,523,"2021-09-17 03:24:00","2021-09-17 03:24:00"
sebaik-baiknya,524,"2021-09-17 03:24:04","2021-09-17 03:24:04"
sebaiknya,525,"2021-09-17 03:24:08","2021-09-17 03:24:08"
sebaliknya,526,"2021-09-17 03:24:11","2021-09-17 03:24:11"
sebanyak,527,"2021-09-17 03:24:14","2021-09-17 03:24:14"
sebegini,528,"2021-09-17 03:24:17","2021-09-17 03:24:17"
sebegitu,529,"2021-09-17 03:24:20","2021-09-17 03:24:20"
sebelum,530,"2021-09-17 03:24:21","2021-09-17 03:24:21"
sebelumnya,531,"2021-09-17 03:24:24","2021-09-17 03:24:24"
sebenarnya,532,"2021-09-17 03:24:28","2021-09-17 03:24:28"
seberapa,533,"2021-09-17 03:24:30","2021-09-17 03:24:30"
sebesar,534,"2021-09-17 03:24:32","2021-09-17 03:24:32"
sebetulnya,535,"2021-09-17 03:24:37","2021-09-17 03:24:37"
sebisanya,536,"2021-09-17 03:24:39","2021-09-17 03:24:39"
sebuah,537,"2021-09-17 03:24:40","2021-09-17 03:24:40"
sebut,538,"2021-09-17 03:24:44","2021-09-17 03:24:44"
sebutlah,539,"2021-09-17 03:24:47","2021-09-17 03:24:47"
sebutnya,540,"2021-09-17 03:24:49","2021-09-17 03:24:49"
secara,541,"2021-09-17 03:24:51","2021-09-17 03:24:51"
secukupnya,542,"2021-09-17 03:24:54","2021-09-17 03:24:54"
sedang,543,"2021-09-17 03:24:56","2021-09-17 03:24:56"
sedangkan,544,"2021-09-17 03:24:58","2021-09-17 03:24:58"
sedemikian,545,"2021-09-17 03:25:04","2021-09-17 03:25:04"
sedikit,546,"2021-09-17 03:25:11","2021-09-17 03:25:11"
sedikitnya,547,"2021-09-17 03:25:14","2021-09-17 03:25:14"
seenaknya,548,"2021-09-17 03:25:17","2021-09-17 03:25:17"
segala,549,"2021-09-17 03:25:22","2021-09-17 03:25:22"
segalanya,550,"2021-09-17 03:25:28","2021-09-17 03:25:28"
segera,551,"2021-09-17 03:25:29","2021-09-17 03:25:29"
seharusnya,552,"2021-09-17 03:25:32","2021-09-17 03:25:32"
sehingga,553,"2021-09-17 03:25:36","2021-09-17 03:25:36"
seingat,554,"2021-09-17 03:25:40","2021-09-17 03:25:40"
sejak,555,"2021-09-17 03:25:43","2021-09-17 03:25:43"
sejauh,556,"2021-09-17 03:25:45","2021-09-17 03:25:45"
sejenak,557,"2021-09-17 03:25:47","2021-09-17 03:25:47"
sejumlah,558,"2021-09-17 03:25:49","2021-09-17 03:25:49"
sekedar,559,"2021-09-17 03:25:51","2021-09-17 03:25:51"
sekadarnya,560,"2021-09-17 03:25:58","2021-09-17 03:25:58"
sekali,561,"2021-09-17 03:26:01","2021-09-17 03:26:01"
sekali-kali,562,"2021-09-17 03:26:06","2021-09-17 03:26:06"
sekalian,563,"2021-09-17 03:26:17","2021-09-17 03:26:17"
sekaligus,564,"2021-09-17 03:26:19","2021-09-17 03:26:19"
sekalipun,565,"2021-09-17 03:26:23","2021-09-17 03:26:23"
sekarang,566,"2021-09-17 03:26:25","2021-09-17 03:26:25"
sekecil,567,"2021-09-17 03:26:36","2021-09-17 03:26:36"
seketika,568,"2021-09-17 03:26:38","2021-09-17 03:26:38"
sekiranya,569,"2021-09-17 03:26:42","2021-09-17 03:26:42"
sekitar,570,"2021-09-17 03:26:45","2021-09-17 03:26:45"
sekitarnya,571,"2021-09-17 03:26:49","2021-09-17 03:26:49"
sekurang-kurangnya,572,"2021-09-17 03:26:55","2021-09-17 03:26:55"
sekurangnya,573,"2021-09-17 03:26:57","2021-09-17 03:26:57"
sela,574,"2021-09-17 03:26:59","2021-09-17 03:26:59"
selain,575,"2021-09-17 03:27:01","2021-09-17 03:27:01"
selaku,576,"2021-09-17 03:27:03","2021-09-17 03:27:03"
selalu,577,"2021-09-17 03:27:06","2021-09-17 03:27:06"
selama,578,"2021-09-17 03:27:08","2021-09-17 03:27:08"
selama-lamanya,579,"2021-09-17 03:27:16","2021-09-17 03:27:16"
selamanya,580,"2021-09-17 03:27:19","2021-09-17 03:27:19"
selanjutnya,581,"2021-09-17 03:27:24","2021-09-17 03:27:24"
seluruh,582,"2021-09-17 03:27:27","2021-09-17 03:27:27"
seluruhnya,583,"2021-09-17 03:27:31","2021-09-17 03:27:31"
semacam,584,"2021-09-17 03:27:34","2021-09-17 03:27:34"
semakin,585,"2021-09-17 03:27:35","2021-09-17 03:27:35"
semampu,586,"2021-09-17 03:27:38","2021-09-17 03:27:38"
semampunya,587,"2021-09-17 03:27:40","2021-09-17 03:27:40"
semasa,588,"2021-09-17 03:27:42","2021-09-17 03:27:42"
semasih,589,"2021-09-17 03:27:45","2021-09-17 03:27:45"
semata,590,"2021-09-17 03:27:48","2021-09-17 03:27:48"
semata-mata,591,"2021-09-17 03:27:57","2021-09-17 03:27:57"
semaunya,592,"2021-09-17 03:28:00","2021-09-17 03:28:00"
sementara,593,"2021-09-17 03:28:03","2021-09-17 03:28:03"
semisal,594,"2021-09-17 03:28:05","2021-09-17 03:28:05"
semisalnya,595,"2021-09-17 03:28:07","2021-09-17 03:28:07"
sempat,596,"2021-09-17 03:28:09","2021-09-17 03:28:09"
semua,597,"2021-09-17 03:28:11","2021-09-17 03:28:11"
semuanya,598,"2021-09-17 03:28:13","2021-09-17 03:28:13"
semula,599,"2021-09-17 03:28:18","2021-09-17 03:28:18"
sendiri,600,"2021-09-17 03:28:21","2021-09-17 03:28:21"
sendirian,601,"2021-09-17 03:28:26","2021-09-17 03:28:26"
sendirinya,602,"2021-09-17 03:28:32","2021-09-17 03:28:32"
seolah,603,"2021-09-17 03:28:34","2021-09-17 03:28:34"
seolah-olah,604,"2021-09-17 03:28:43","2021-09-17 03:28:43"
seorang,605,"2021-09-17 03:28:45","2021-09-17 03:28:45"
sepanjang,606,"2021-09-17 03:28:48","2021-09-17 03:28:48"
sepantasnya,607,"2021-09-17 03:28:51","2021-09-17 03:28:51"
sepantasnyalah,608,"2021-09-17 03:28:57","2021-09-17 03:28:57"
seperlunya,609,"2021-09-17 03:29:01","2021-09-17 03:29:01"
seperti,610,"2021-09-17 03:29:05","2021-09-17 03:29:05"
sepertinya,611,"2021-09-17 03:29:07","2021-09-17 03:29:07"
sepihak,612,"2021-09-17 03:29:09","2021-09-17 03:29:09"
sering,613,"2021-09-17 03:29:11","2021-09-17 03:29:11"
seringnya,614,"2021-09-17 03:29:46","2021-09-17 03:29:46"
serta,615,"2021-09-17 03:29:48","2021-09-17 03:29:48"
serupa,616,"2021-09-17 03:29:55","2021-09-17 03:29:55"
sesaat,617,"2021-09-17 03:29:58","2021-09-17 03:29:58"
sesama,618,"2021-09-17 03:30:01","2021-09-17 03:30:01"
sesampai,619,"2021-09-17 03:30:04","2021-09-17 03:30:04"
sesegera,620,"2021-09-17 03:30:28","2021-09-17 03:30:28"
sesekali,621,"2021-09-17 03:30:34","2021-09-17 03:30:34"
seseorang,622,"2021-09-17 03:30:37","2021-09-17 03:30:37"
sesuatu,623,"2021-09-17 03:30:40","2021-09-17 03:30:40"
sesuatunya,624,"2021-09-17 03:30:43","2021-09-17 03:30:43"
sesudah,625,"2021-09-17 03:30:45","2021-09-17 03:30:45"
sesudahnya,626,"2021-09-17 03:30:53","2021-09-17 03:30:53"
setelah,627,"2021-09-17 03:30:55","2021-09-17 03:30:55"
setempat,628,"2021-09-17 03:30:59","2021-09-17 03:30:59"
setengah,629,"2021-09-17 03:31:03","2021-09-17 03:31:03"
seterusnya,630,"2021-09-17 03:31:06","2021-09-17 03:31:06"
setiap,631,"2021-09-17 03:31:08","2021-09-17 03:31:08"
setiba,632,"2021-09-17 03:31:11","2021-09-17 03:31:11"
setibanya,633,"2021-09-17 03:31:14","2021-09-17 03:31:14"
setidak-tidaknya,634,"2021-09-17 03:31:20","2021-09-17 03:31:20"
setidaknya,635,"2021-09-17 03:31:24","2021-09-17 03:31:24"
setinggi,636,"2021-09-17 03:31:29","2021-09-17 03:31:29"
seusai,637,"2021-09-17 03:31:32","2021-09-17 03:31:32"
sewaktu,638,"2021-09-17 03:31:38","2021-09-17 03:31:38"
siap,639,"2021-09-17 03:31:40","2021-09-17 03:31:40"
siapa,640,"2021-09-17 03:31:42","2021-09-17 03:31:42"
siapakah,641,"2021-09-17 03:31:44","2021-09-17 03:31:44"
siapapun,642,"2021-09-17 03:31:48","2021-09-17 03:31:48"
sini,643,"2021-09-17 03:31:50","2021-09-17 03:31:50"
sinilah,644,"2021-09-17 03:31:53","2021-09-17 03:31:53"
soal,645,"2021-09-17 03:31:55","2021-09-17 03:31:55"
soalnya,646,"2021-09-17 03:32:42","2021-09-17 03:32:42"
suatu,647,"2021-09-17 03:32:44","2021-09-17 03:32:44"
sudah,648,"2021-09-17 03:32:46","2021-09-17 03:32:46"
sudahkah,649,"2021-09-17 03:32:50","2021-09-17 03:32:50"
sudahlah,650,"2021-09-17 03:32:54","2021-09-17 03:32:54"
supaya,651,"2021-09-17 03:32:56","2021-09-17 03:32:56"
tadi,652,"2021-09-17 03:32:58","2021-09-17 03:32:58"
tadinya,653,"2021-09-17 03:33:01","2021-09-17 03:33:01"
tahu,654,"2021-09-17 03:33:02","2021-09-17 03:33:02"
tahun,655,"2021-09-17 03:33:06","2021-09-17 03:33:06"
tak,656,"2021-09-17 03:33:08","2021-09-17 03:33:08"
tambah,657,"2021-09-17 03:33:10","2021-09-17 03:33:10"
tambahnya,658,"2021-09-17 03:33:14","2021-09-17 03:33:14"
tampak,659,"2021-09-17 03:33:17","2021-09-17 03:33:17"
tampaknya,660,"2021-09-17 03:33:20","2021-09-17 03:33:20"
tandas,661,"2021-09-17 03:33:25","2021-09-17 03:33:25"
tandasnya,662,"2021-09-17 03:33:33","2021-09-17 03:33:33"
tanpa,663,"2021-09-17 03:33:36","2021-09-17 03:33:36"
tanya,664,"2021-09-17 03:33:39","2021-09-17 03:33:39"
tanyakan,665,"2021-09-17 03:33:42","2021-09-17 03:33:42"
tanyanya,666,"2021-09-17 03:33:46","2021-09-17 03:33:46"
tapi,667,"2021-09-17 03:33:48","2021-09-17 03:33:48"
tegas,668,"2021-09-17 03:33:51","2021-09-17 03:33:51"
tegasnya,669,"2021-09-17 03:33:54","2021-09-17 03:33:54"
telah,670,"2021-09-17 03:33:56","2021-09-17 03:33:56"
tempat,671,"2021-09-17 03:34:00","2021-09-17 03:34:00"
tengah,672,"2021-09-17 03:34:04","2021-09-17 03:34:04"
tentang,673,"2021-09-17 03:34:07","2021-09-17 03:34:07"
tentu,674,"2021-09-17 03:34:10","2021-09-17 03:34:10"
tentulah,675,"2021-09-17 03:34:12","2021-09-17 03:34:12"
tentunya,676,"2021-09-17 03:34:15","2021-09-17 03:34:15"
tepat,677,"2021-09-17 03:34:18","2021-09-17 03:34:18"
terakhir,678,"2021-09-17 03:34:22","2021-09-17 03:34:22"
terasa,679,"2021-09-17 03:34:24","2021-09-17 03:34:24"
terbanyak,681,"2021-09-17 03:34:41","2021-09-17 03:34:41"
terdahulu,682,"2021-09-17 03:34:45","2021-09-17 03:34:45"
terdapat,683,"2021-09-17 03:34:49","2021-09-17 03:34:49"
terdiri,684,"2021-09-17 03:34:52","2021-09-17 03:34:52"
terhadap,685,"2021-09-17 03:34:56","2021-09-17 03:34:56"
terhadapnya,686,"2021-09-17 03:35:02","2021-09-17 03:35:02"
teringat,687,"2021-09-17 03:35:04","2021-09-17 03:35:04"
teringat-ingat,688,"2021-09-17 03:35:08","2021-09-17 03:35:08"
terjadi,689,"2021-09-17 03:35:19","2021-09-17 03:35:19"
terjadilah,690,"2021-09-17 03:35:21","2021-09-17 03:35:21"
terjadinya,691,"2021-09-17 03:35:24","2021-09-17 03:35:24"
terkira,692,"2021-09-17 03:35:27","2021-09-17 03:35:27"
terlalu,693,"2021-09-17 03:35:30","2021-09-17 03:35:30"
terlebih,694,"2021-09-17 03:35:33","2021-09-17 03:35:33"
terlihat,695,"2021-09-17 03:35:38","2021-09-17 03:35:38"
termasuk,696,"2021-09-17 03:35:41","2021-09-17 03:35:41"
ternyata,697,"2021-09-17 03:35:44","2021-09-17 03:35:44"
tersampaikan,698,"2021-09-17 03:35:48","2021-09-17 03:35:48"
tersebut,699,"2021-09-17 03:35:51","2021-09-17 03:35:51"
tersebutlah,700,"2021-09-17 03:35:54","2021-09-17 03:35:54"
tertentu,701,"2021-09-17 03:35:57","2021-09-17 03:35:57"
tertuju,702,"2021-09-17 03:36:00","2021-09-17 03:36:00"
terus,703,"2021-09-17 03:36:04","2021-09-17 03:36:04"
terutama,704,"2021-09-17 03:36:07","2021-09-17 03:36:07"
tetap,705,"2021-09-17 03:36:11","2021-09-17 03:36:11"
tetapi,706,"2021-09-17 03:36:14","2021-09-17 03:36:14"
tiap,707,"2021-09-17 03:36:18","2021-09-17 03:36:18"
tiba,708,"2021-09-17 03:36:19","2021-09-17 03:36:19"
tiba-tiba,709,"2021-09-17 03:36:23","2021-09-17 03:36:23"
tidak,710,"2021-09-17 03:36:25","2021-09-17 03:36:25"
tidakkah,711,"2021-09-17 03:36:27","2021-09-17 03:36:27"
tidaklah,712,"2021-09-17 03:36:30","2021-09-17 03:36:30"
tiga,713,"2021-09-17 03:36:31","2021-09-17 03:36:31"
tinggi,714,"2021-09-17 03:36:33","2021-09-17 03:36:33"
toh,715,"2021-09-17 03:36:35","2021-09-17 03:36:35"
tunjuk,716,"2021-09-17 03:36:39","2021-09-17 03:36:39"
turut,717,"2021-09-17 03:36:41","2021-09-17 03:36:41"
tutur,718,"2021-09-17 03:36:44","2021-09-17 03:36:44"
tuturnya,719,"2021-09-17 03:36:47","2021-09-17 03:36:47"
ucap,720,"2021-09-17 03:36:50","2021-09-17 03:36:50"
ucapnya,721,"2021-09-17 03:36:53","2021-09-17 03:36:53"
ujar,722,"2021-09-17 03:36:56","2021-09-17 03:36:56"
uajrnya,723,"2021-09-17 03:37:00","2021-09-17 03:37:00"
umum,724,"2021-09-17 03:37:02","2021-09-17 03:37:02"
umumnya,725,"2021-09-17 03:37:04","2021-09-17 03:37:04"
ungkap,726,"2021-09-17 03:37:06","2021-09-17 03:37:06"
ungkapnya,727,"2021-09-17 03:37:10","2021-09-17 03:37:10"
untuk,728,"2021-09-17 03:37:11","2021-09-17 03:37:11"
usah,729,"2021-09-17 03:37:13","2021-09-17 03:37:13"
usai,730,"2021-09-17 03:37:14","2021-09-17 03:37:14"
waduh,731,"2021-09-17 03:37:23","2021-09-17 03:37:23"
wah,732,"2021-09-17 03:37:25","2021-09-17 03:37:25"
wahai,733,"2021-09-17 03:37:27","2021-09-17 03:37:27"
waktu,734,"2021-09-17 03:37:28","2021-09-17 03:37:28"
waktunya,735,"2021-09-17 03:37:30","2021-09-17 03:37:30"
walau,736,"2021-09-17 03:37:32","2021-09-17 03:37:32"
walaupun,737,"2021-09-17 03:37:36","2021-09-17 03:37:36"
wong,738,"2021-09-17 03:37:38","2021-09-17 03:37:38"
yaitu,739,"2021-09-17 03:37:39","2021-09-17 03:37:39"
yakni,740,"2021-09-17 03:37:42","2021-09-17 03:37:42"
yakin,741,"2021-09-17 03:37:46","2021-09-17 03:37:46"
yang,742,"2021-09-17 03:37:48","2021-09-17 03:37:48"
